SNPid,both.all,both.eas,both.gpl,both.nor,both.pac,both.pnw,spr.all,win.all,total
IWB64273,1,0,1,0,0,0,0,1,3
IWB10025,1,0,1,0,0,0,0,1,3
IWB59951,1,0,1,0,0,0,0,1,3
IWB22052,1,0,1,0,0,0,0,1,3
IWB12486,1,0,1,1,0,0,0,1,4
IWB46021,1,0,1,1,0,0,0,1,4
IWB43652,1,0,1,1,0,0,0,1,4
IWB72042,1,0,1,1,0,0,0,1,4
IWB72041,1,0,1,0,0,0,0,1,3
IWB73155,1,0,1,1,0,0,0,1,4
IWB43982,1,0,1,1,0,0,0,1,4
IWB7300,1,0,1,1,0,0,0,1,4
IWB6583,1,0,1,1,0,0,0,1,4
IWB49291,1,0,1,1,0,0,0,1,4
IWB42898,1,0,1,1,0,0,0,1,4
IWB42899,1,0,1,1,0,0,0,1,4
IWB26888,1,0,1,1,0,0,0,1,4
IWB9220,1,0,1,1,0,0,0,1,4
IWB36084,1,0,1,1,0,0,0,1,4
IWB48980,0,0,1,1,0,0,0,1,3
IWB59114,0,0,1,1,0,0,0,1,3
IWB1856,0,1,0,0,0,0,0,0,1
IWB8040,0,1,0,0,0,0,0,0,1
IWB59500,0,1,0,0,0,0,0,0,1
IWB59501,0,1,0,0,0,0,0,0,1
IWB41933,0,1,0,0,0,0,0,0,1
IWB51733,0,1,0,0,0,0,0,0,1
IWB27519,0,1,0,0,0,0,0,0,1
IWB5566,0,1,0,0,0,0,0,0,1
IWB9961,0,1,0,0,0,0,0,0,1
IWB64553,0,1,0,0,0,0,0,0,1
IWB64554,0,1,0,0,0,0,0,0,1
IWB47904,0,1,0,0,0,0,0,0,1
IWB73517,0,1,0,0,0,0,0,0,1
IWB52703,0,1,0,0,0,0,0,0,1
IWB58556,0,1,0,0,0,0,0,0,1
IWB4804,0,1,0,0,0,0,0,0,1
IWB9746,0,1,0,0,0,0,0,0,1
IWB1403,0,1,0,0,0,0,0,0,1
IWB62509,0,1,0,0,0,0,0,0,1
IWB74445,0,1,0,0,0,0,0,0,1
IWB45733,0,1,0,0,0,0,0,0,1
IWB15085,0,0,0,0,1,0,0,0,1
IWB22930,0,0,0,0,1,0,0,0,1
IWB46047,0,0,0,0,1,0,0,0,1
IWB27824,0,0,0,0,1,0,0,0,1
IWB10703,0,0,0,0,1,0,0,0,1
IWB34661,0,0,0,0,1,0,0,0,1
IWB62738,0,0,0,0,1,0,0,0,1
IWB62737,0,0,0,0,1,0,0,0,1
IWB43423,0,0,0,0,1,0,0,0,1
IWB35028,0,0,0,0,1,0,0,0,1
IWB69088,0,0,0,0,0,0,1,0,1
IWB49515,0,0,0,0,0,0,1,0,1
IWB73745,0,0,0,0,1,1,1,0,3
IWB68968,0,0,0,0,1,1,1,0,3
IWB73005,0,0,0,0,1,1,1,0,3
IWB73004,0,0,0,0,1,1,1,0,3
IWB57391,0,0,0,0,1,1,1,0,3
IWB41967,0,0,0,0,1,1,1,0,3
IWB35192,0,0,0,0,1,1,1,0,3
IWB20648,0,0,0,0,1,1,1,0,3
IWB40124,0,0,0,0,1,1,1,0,3
IWB38883,0,0,0,0,1,1,1,0,3
IWB36985,0,0,0,0,1,1,1,0,3
IWB23054,0,0,0,0,1,1,1,0,3
IWB39431,0,0,0,0,1,1,1,0,3
IWB71530,0,0,0,0,1,1,1,0,3
IWB40176,0,0,0,0,1,1,1,0,3
IWB26560,0,0,0,0,1,1,1,0,3
IWB42085,0,0,0,0,1,1,1,0,3
IWB39932,0,0,0,0,1,1,1,0,3
IWB30729,0,0,0,0,0,0,1,0,1
IWB73426,0,0,0,0,1,1,0,0,2
IWB32482,0,0,0,0,1,1,0,0,2
IWB53857,0,0,0,0,1,1,0,0,2
IWB7111,0,0,0,0,1,1,0,0,2
IWB45685,0,0,0,0,1,1,0,0,2
IWB10430,0,0,0,0,1,1,0,0,2
IWB42880,0,0,0,0,1,1,0,0,2
IWB37019,0,0,0,0,1,1,0,0,2
IWB38875,0,0,0,0,1,1,0,0,2
IWB56915,0,0,0,0,1,1,0,0,2
IWB32,0,0,0,0,1,0,0,0,1
IWB9022,0,0,0,0,0,0,1,0,1
IWB11266,0,0,0,0,0,0,1,0,1
IWB11267,0,0,0,0,0,0,1,0,1
IWB62848,0,0,0,0,0,0,1,0,1
IWB17205,0,0,0,0,0,0,1,0,1
IWB56618,0,0,0,0,0,0,1,0,1
IWB35183,0,0,0,0,0,0,1,0,1
IWB8375,0,0,0,0,0,0,1,0,1
IWB11078,0,0,0,0,0,0,1,0,1
IWB35379,0,1,0,0,0,0,0,0,1
IWB38030,0,1,0,0,0,0,0,0,1
IWB58918,0,1,0,0,0,0,0,0,1
IWB58917,0,1,0,0,0,0,0,0,1
IWB39136,0,1,0,0,0,0,0,0,1
IWB63991,1,0,0,0,0,0,0,1,2
IWB62764,1,0,0,0,0,0,0,1,2
IWB72472,1,0,0,0,0,0,0,1,2
IWB72473,1,0,0,0,0,0,0,1,2
IWB29022,1,0,0,0,0,0,0,1,2
IWB73898,1,0,0,0,0,0,0,0,1
IWB47643,1,0,0,0,0,0,0,0,1
IWB72014,1,0,0,0,0,0,0,0,1
IWB35904,1,0,0,0,0,0,0,0,1
IWB72013,1,0,0,0,0,0,0,0,1
IWB61930,1,0,0,0,0,0,0,0,1
IWB61929,1,0,0,0,0,0,0,0,1
IWB612,1,0,0,0,0,0,0,0,1
IWB10427,1,0,0,0,0,0,0,0,1
IWB72600,1,0,0,0,0,0,0,0,1
IWB35729,1,0,0,0,0,0,0,0,1
IWB28194,1,0,0,0,0,0,0,0,1
IWB43034,1,0,0,0,0,0,0,0,1
IWB54774,1,0,0,0,0,0,0,0,1
IWB44905,1,0,0,0,0,0,0,0,1
IWB44906,1,0,0,0,0,0,0,0,1
IWB44479,1,0,0,0,0,0,0,0,1
IWB3506,1,0,0,0,0,0,0,0,1
IWB60594,1,0,0,0,0,0,0,0,1
IWB10152,1,0,0,0,0,0,0,0,1
IWB23250,1,0,0,0,0,0,0,0,1
IWB68046,1,0,0,0,0,0,0,0,1
IWB4699,1,0,0,0,0,0,0,0,1
IWB39228,1,0,0,0,0,0,0,0,1
IWB52429,1,0,0,0,0,0,0,0,1
IWB58797,1,0,0,0,0,0,0,1,2
IWB74982,1,0,0,0,0,0,0,1,2
IWB48382,1,0,0,0,0,0,0,1,2
IWB44586,1,0,0,0,0,0,0,1,2
IWB3965,1,0,0,0,0,0,0,1,2
IWB563,1,0,0,0,0,0,0,1,2
IWB46350,1,0,0,0,0,0,0,1,2
IWB75149,1,0,0,0,0,0,0,0,1
IWB36130,1,0,0,0,0,0,0,1,2
IWB75151,1,0,0,0,0,0,0,1,2
IWB60075,1,0,0,0,0,0,0,1,2
IWB14825,1,0,0,0,0,0,0,1,2
IWB42774,1,0,0,0,0,0,0,1,2
IWB42777,1,0,0,0,0,0,0,1,2
IWB42776,1,0,0,0,0,0,0,1,2
IWB42775,1,0,0,0,0,0,0,1,2
IWB53498,1,0,0,0,0,0,0,1,2
IWB21943,0,0,0,1,0,0,0,0,1
IWB64470,0,0,0,1,0,0,0,0,1
IWB21417,0,0,0,1,0,0,0,0,1
IWB20356,0,0,0,1,0,0,0,0,1
IWB20354,0,0,0,1,0,0,0,0,1
IWB11626,0,0,0,1,0,0,0,0,1
IWB44183,0,1,0,0,0,0,0,0,1
IWB55646,0,1,0,0,0,0,0,0,1
IWB73110,0,1,0,0,0,0,0,0,1
IWB65241,0,1,0,0,0,0,0,0,1
IWB72579,0,1,0,0,0,0,0,0,1
IWB45662,0,1,0,0,0,0,0,0,1
IWB72578,0,1,0,0,0,0,0,0,1
IWB9767,0,1,0,0,0,0,0,0,1
IWB57882,0,1,0,0,0,0,0,0,1
IWB21641,0,1,0,0,0,0,0,0,1
IWB57484,0,1,0,0,0,0,0,0,1
IWB45559,0,1,0,0,0,0,0,0,1
IWB48223,0,1,0,0,0,0,0,0,1
IWB73416,0,1,0,0,0,0,0,0,1
IWB72049,0,0,0,0,1,0,0,0,1
IWB46500,0,0,0,0,1,0,0,0,1
IWB50222,0,0,0,0,1,0,0,0,1
IWB61903,0,0,0,0,1,0,0,0,1
IWB61902,0,0,0,0,1,0,0,0,1
IWB58404,0,0,0,0,1,0,0,0,1
IWB61901,0,0,0,0,1,0,0,0,1
IWB23277,0,0,0,0,1,0,0,0,1
IWB29412,0,0,0,0,1,0,0,0,1
IWB63422,0,0,0,0,1,0,0,0,1
IWB71915,0,0,0,0,0,0,1,0,1
IWB5919,0,0,0,1,0,0,1,0,2
IWB68255,0,0,0,1,0,0,1,0,2
IWB68254,0,0,0,1,0,0,1,0,2
IWB68256,0,0,0,1,0,0,1,0,2
IWB26715,0,0,0,1,0,0,1,0,2
IWB50119,0,0,0,1,0,0,1,0,2
IWB70740,0,0,0,1,0,0,0,0,1
IWB7913,0,0,0,1,0,0,0,0,1
IWB53215,0,0,0,0,0,0,1,0,1
IWB37048,0,0,0,0,0,0,1,0,1
IWB30502,0,0,0,0,0,0,1,0,1
IWB51096,0,0,0,0,0,0,1,0,1
IWB46767,0,0,0,0,0,0,1,0,1
IWB45340,0,0,0,0,0,0,1,0,1
IWB53881,0,0,0,0,0,0,1,0,1
IWB62194,0,0,0,0,0,0,1,0,1
IWB11062,0,0,0,0,0,0,1,0,1
IWB60578,0,0,0,0,1,0,1,0,2
IWB60579,0,0,0,0,1,0,1,0,2
IWB60580,0,0,0,0,1,0,1,0,2
IWB57852,0,0,0,0,1,0,1,0,2
IWB57853,0,0,0,0,1,0,1,0,2
IWB9803,0,0,0,0,1,0,1,0,2
IWB68378,0,0,0,0,1,0,1,0,2
IWB41932,0,0,0,0,1,0,1,0,2
IWB38647,0,0,0,0,1,0,1,0,2
IWB30223,0,0,0,0,0,0,1,0,1
IWB49791,0,0,0,0,0,0,1,0,1
IWB55803,0,0,0,0,0,0,1,0,1
IWB22878,0,0,0,0,0,0,1,0,1
IWB34357,0,0,0,0,0,0,1,0,1
IWB6601,0,0,0,0,0,0,1,0,1
IWB25217,0,0,0,0,0,0,1,0,1
IWB55364,0,0,0,0,0,0,1,0,1
IWB13094,0,0,1,0,0,1,0,0,2
IWB13414,0,0,1,0,0,1,0,0,2
IWB13413,0,0,1,0,0,1,0,0,2
IWB33842,0,0,1,0,0,1,0,0,2
IWB33843,0,0,1,0,0,1,0,0,2
IWB63931,0,0,1,0,0,1,0,0,2
IWB35963,0,0,1,0,0,0,0,0,1
IWB9062,0,0,0,0,0,0,1,0,1
IWB25077,0,0,0,0,0,0,1,0,1
IWB3767,0,0,0,0,0,0,1,0,1
IWB56094,0,0,0,0,0,0,1,0,1
IWB46359,0,0,0,0,0,0,1,0,1
IWB26679,0,0,0,1,0,0,0,0,1
IWB26677,0,0,0,1,0,0,0,0,1
IWB2834,0,0,0,1,0,0,0,0,1
IWB73340,0,0,0,1,0,0,0,0,1
IWB73341,0,0,0,1,0,0,0,0,1
IWB73338,0,0,0,1,0,0,0,0,1
